Workbook

Sheet Operations
A1: HEX | B1: NAME | C1: DESCRIPTION | D1: ALIAS(ES) | E1: 48 bit per inst.
A2: =DEC2HEX(ROW(A2) - 2) -> 0 | B2: ADC | C2: Adds <tar> to <sel>, outputs to <slc>; carry is outputted to CR | E2: 8 bit loaded at a time
A3: =DEC2HEX(ROW(A3) - 2) -> 1 | B3: ADD | C3: Adds <tar> to <sel>, outputs to <slc>
A4: =DEC2HEX(ROW(A4) - 2) -> 2 | B4: SUB | C4: Subtracts <sel> from <tar>; outputs to <slc>
A5: =DEC2HEX(ROW(A5) - 2) -> 3 | B5: SBB | C5: Subtracts <sel> from <tar>, outputs to <slc>; borrow is outputted to CR
A6: =DEC2HEX(ROW(A6) - 2) -> 4 | B6: MLC | C6: Multiplies <tar> with <sel>, outputs to <slc>; carry is outputted to CR
A7: =DEC2HEX(ROW(A7) - 2) -> 5 | B7: MUL | C7: Multiplies <tar> with <sel>, outputs to <slc>;
A8: =DEC2HEX(ROW(A8) - 2) -> 6 | B8: UNA | C8: Unallocated / No Operation | D8: NOP
A9: =DEC2HEX(ROW(A9) - 2) -> 7 | B9: PUS | C9: pushes <tar> to the stack
A10: =DEC2HEX(ROW(A10) - 2) -> 8 | B10: POP | C10: pops the stack to <slc>
A11: =DEC2HEX(ROW(A11) - 2) -> 9 | B11: BIS | C11: Branches if BR is 0
A12: =DEC2HEX(ROW(A12) - 2) -> A | B12: BIU | C12: Branches if BR is 1
A13: =DEC2HEX(ROW(A13) - 2) -> B | B13: BIC | C13: Branches is CR is 1
A14: =DEC2HEX(ROW(A14) - 2) -> C | B14: BTF | C14: Branches is CR is 0
A15: =DEC2HEX(ROW(A15) - 2) -> D | B15: BRA | C15: Branches to <tar>. Unconditionally.
A16: =DEC2HEX(ROW(A16) - 2) -> E | B16: AND | C16: AND <tar> and <sel>, and output to <slc>
A17: =DEC2HEX(ROW(A17) - 2) -> F | B17: NOT | C17: NAND <tar> and <sel> and output to <slc>
A18: =DEC2HEX(ROW(A18) - 2) -> 10 | B18: XOR | C18: XOR <tar> and <sel>, and output to <slc>
A19: =DEC2HEX(ROW(A19) - 2) -> 11 | B19: WIM | C19: Writes <sel> at address <tar>
A20: =DEC2HEX(ROW(A20) - 2) -> 12 | B20: RIM | C20: Reads from address <tar> writes it to <slc>
A21: =DEC2HEX(ROW(A21) - 2) -> 13 | B21: SAR | C21: Sets <slc> to <sel> | D21: SET, WRT, LDR
A22: =DEC2HEX(ROW(A22) - 2) -> 14 | B22: JSR | C22: Jumps to a subroutine at <tar>; Pushes to stack | D22: JMP
A23: =DEC2HEX(ROW(A23) - 2) -> 15 | B23: RET | C23: Returns from a subroutine; Pops the stack and jumps to read value
A24: =DEC2HEX(ROW(A24) - 2) -> 16 | B24: HLT | C24: Halt until the next interrupt | D24: STP
A25: =DEC2HEX(ROW(A25) - 2) -> 17 | B25: CMP | C25: SBB but only CR output | D25: DIF
A26: =DEC2HEX(ROW(A26) - 2) -> 18 | B26: SHL | C26: Shifts <tar> left <sel> times; uses <slc>
A27: =DEC2HEX(ROW(A27) - 2) -> 19 | B27: ROL | C27: Rotates <tar> left <sel> times; uses <slc>
A28: =DEC2HEX(ROW(A28) - 2) -> 1A | B28: SHR | C28: shifts <tar> right <sel> times; uses <slc>
A29: =DEC2HEX(ROW(A29) - 2) -> 1B | B29: ROR | C29: Rotates <tar> right <sel> times; uses <slc>

Sheet IO
A1: i. HEX | B1: ITEM NAME | C1: ITEM DESCRIPTION | D1: I. BITS | E1: R/W? | F1: Alias(es)
A2: =DEC2HEX(ROW(Operations!A2) - 2) -> 0 | B2: R1 | C2: Register 1 | D2: 16 | E2: Read, Write
A3: =DEC2HEX(ROW(Operations!A3) - 2) -> 1 | B3: R2 | C3: Register 2 | D3: 16 | E3: Read, Write
A4: =DEC2HEX(ROW(Operations!A4) - 2) -> 2 | B4: R3 | C4: Register 3 | D4: 16 | E4: Read, Write
A5: =DEC2HEX(ROW(Operations!A5) - 2) -> 3 | B5: R4 | C5: Register 4 | D5: 16 | E5: Read, Write
A6: =DEC2HEX(ROW(Operations!A6) - 2) -> 4 | B6: CR | C6: Carry Register | D6: 16 | E6: Read, Write
A7: =DEC2HEX(ROW(Operations!A7) - 2) -> 5 | B7: BR | C7: Branch Register | D7: 1 | E7: Read, Write
A8: =DEC2HEX(ROW(Operations!A8) - 2) -> 6 | B8: GA | C8: Graphics Accelerator | D8: 16 | E8: Read, Write
A9: =DEC2HEX(ROW(Operations!A9) - 2) -> 7 | B9: P1 | C9: Peripheral 1 | D9: 16 | E9: Unknown
A10: =DEC2HEX(ROW(Operations!A10) - 2) -> 8 | B10: P2 | C10: Peripheral 2 | D10: 16 | E10: Unknown
A11: =DEC2HEX(ROW(Operations!A11) - 2) -> 9 | B11: P3 | C11: Peripheral 3 | D11: 16 | E11: Unknown
A12: =DEC2HEX(ROW(Operations!A12) - 2) -> A | B12: P4 | C12: Peripheral 4 | D12: 16 | E12: Unknown
A13: =DEC2HEX(ROW(Operations!A13) - 2) -> B | B13: SS | C13: Stack size | D13: 16 | E13: Read
A14: =DEC2HEX(ROW(Operations!A14) - 2) -> C
A15: =DEC2HEX(ROW(Operations!A15) - 2) -> D
A16: =DEC2HEX(ROW(Operations!A16) - 2) -> E | B16: PC | C16: Program counter | D16: 16 | E16: Read
A17: =DEC2HEX(ROW(Operations!A17) - 2) -> F
A18: =DEC2HEX(ROW(Operations!A18) - 2) -> 10
A19: =DEC2HEX(ROW(Operations!A19) - 2) -> 11
A20: =DEC2HEX(ROW(Operations!A20) - 2) -> 12 | B20: IMM | C20: Immediate Value | D20: 16 | E20: Read, N/A
A21: =DEC2HEX(ROW(Operations!A21) - 2) -> 13 | B21: VD | C21: VOID | D21: N/A | E21: Write | F21: VOID
